Loyalty_no,First_Name,Last_Name,Customer_Name,Country,Province_or_State,City,Latitude,Longitude,Postal_code,Gender,Education,Location_Code,Income,Marital_Status,Order_Year,Quarter,MonthsAsMember,LoyaltyStatus,Product_Line,Coupon_Response,Quantity_Sold,Unit_Sale_Price,Unit_Cost,Revenue,Customer_Lifetime_Value
837810,Abigail,Goris,Abigail Goris,Canada,British Columbia,Dawson Creek,55.759627,-120.237662,U5I 4F1,male,Bachelor,Rural,42142,Single,2016,Q3,33,Bronze,Computers and Home Office,Coupon 6,3,"1,182","1,005","3,546",8842.65
707928,Ada,Glaude,Ada Glaude,Germany,Bremen,Bremen,53.079296,8.801694,28759,male,High School or Below,Rural,20978,Married,2016,Q3,52,Bronze,Computers and Home Office,Coupon 1,1,434,369,434,3508.57
901442,Ada,Staback,Ada Staback,Canada,Manitoba,Winnipeg,49.895136,-97.138374,R2C 0M5,female,Bachelor,Rural,71391,Married,2016,Q3,47,Bronze,Computers and Home Office,Coupon 1,2,201,171,402,8044.87
237303,Adam,Boner,Adam Boner,Canada,Ontario,Sudbury,46.522099,-80.953035,M5V 1G5,female,Bachelor,Urban,79674,Married,2016,Q3,55,Bronze,Computers and Home Office,Coupon 4,3,757,643,"2,271",8660.84
348835,Adam,Dunnegan,Adam Dunnegan,Canada,Manitoba,Winnipeg,49.895136,-97.138374,R2C 0M5,male,Master,Urban,13663,Single,2016,Q3,58,Bronze,Computers and Home Office,Coupon 1,2,161,137,322,25464.82
186842,Adelaide,Drago,Adelaide Drago,Germany,Thuringen,Erfurt,50.984768,11.02988,99089,male,Bachelor,Urban,69906,Married,2016,Q3,34,Bronze,Computers and Home Office,Coupon 1,2,899,764,"1,798",23444.9
605640,Adell,Maroni,Adell Maroni,United Kingdom,Reading,Ilkley Road,51.474026,-0.987402,RG4 7BD,female,Bachelor,Suburban,60642,Married,2016,Q3,50,Elite,Computers and Home Office,Coupon 4,5,686,583,"3,430",10660.9
723924,Adolph,Prey,Adolph Prey,Germany,Saarland,Saarbrucken,49.240157,6.996933,66115,female,College,Suburban,0,Married,2016,Q3,65,Bronze,Computers and Home Office,Coupon 3,5,"1,256","1,068","6,280",14585.38
202299,Adria,Osterstuck,Adria Osterstuck,Canada,New Brunswick,Fredericton,45.963589,-66.643115,E3B 2H2,female,Doctor,Urban,25676,Married,2016,Q3,54,Elite,Computers and Home Office,Coupon 2,1,"1,154",981,"1,154",4373.36
826271,Adriane,Dottin,Adriane Dottin,Canada,New Brunswick,Fredericton,45.963589,-66.643115,E3B 2H2,female,College,Rural,0,Married,2016,Q3,53,Bronze,Computers and Home Office,Coupon 4,1,555,472,555,3567.5
616030,Akilah,Caravalho,Akilah Caravalho,Germany,Hessen,Frankfurt,50.110922,8.682127,60386,male,Doctor,Rural,22886,Divorced,2016,Q3,58,Bronze,Computers and Home Office,Coupon 1,3,"1,187","1,009","3,561",5096.67
747903,Al,Johson,Al Johson,United States,California,San Diego,32.715738,-117.161084,92132,male,College,Suburban,0,Single,2016,Q3,53,Bronze,Computers and Home Office,Coupon 2,9,"1,032",877,"9,288",6409.63
870394,Alanna,Rufino,Alanna Rufino,United Kingdom,Shropshire,Telford,52.678419,-2.445258,TZ3 4BW,female,Bachelor,Rural,21440,Married,2016,Q3,44,Bronze,Computers and Home Office,Coupon 4,1,"1,429","1,215","1,429",5391.08
706996,Alayna,Sigel,Alayna Sigel,United States,California,Anaheim,33.8366,-117.9143,92815,female,College,Suburban,0,Single,2016,Q3,66,Elite,Computers and Home Office,Coupon 1,1,387,329,387,2241.46
940243,Alba,Beuter,Alba Beuter,Germany,Nordrhein-Westfalen,Koln,50.937531,6.960279,51149,female,Bachelor,Suburban,80892,Married,2016,Q3,31,Bronze,Computers and Home Office,Coupon 4,1,"1,475","1,254","1,475",4425.91
508402,Albert,Dishmon,Albert Dishmon,Canada,Ontario,Toronto,43.653226,-79.383184,M2M 7K8,male,Bachelor,Rural,44216,Married,2016,Q3,55,Elite,Computers and Home Office,Coupon 1,2,299,254,598,8434.46
574568,Albert,Sha,Albert Sha,United Kingdom,Reading,Back Lane,51.417083,-1.150411,RG7 5NF,male,Bachelor,Rural,61650,Single,2016,Q3,55,Bronze,Computers and Home Office,Coupon 1,2,356,303,712,10506.94
960508,Albertha,Barberi,Albertha Barberi,United Kingdom,West Midlands,Birmingham,52.486243,-1.890401,B4 7SL,female,College,Suburban,0,Married,2016,Q3,37,Bronze,Computers and Home Office,Coupon 2,7,"1,143",972,"8,001",5325.72
105151,Albertha,Yamaki,Albertha Yamaki,United Kingdom,Brighton and Hove,Bear Road,50.837645,-0.122104,BN2 4DA,female,College,Urban,0,Married,2016,Q3,56,Bronze,Computers and Home Office,Coupon 4,6,"1,092",928,"6,552",8556.42
451838,Aldo,Bandemer,Aldo Bandemer,United States,Florida,Miami,25.76168,-80.19179,33166,male,Bachelor,Rural,60426,Single,2016,Q3,41,Bronze,Computers and Home Office,Coupon 2,2,"1,210","1,029","2,420",22185.88
431773,Alec,Arvidson,Alec Arvidson,Germany,Baden-Wurttemberg,Leonberg,48.796045,9.009571,71299,female,Master,Suburban,20263,Single,2016,Q3,59,Bronze,Computers and Home Office,Coupon 1,7,"1,247","1,060","8,729",4200.82
175104,Alec,Plaisted,Alec Plaisted,Canada,British Columbia,Dawson Creek,55.759627,-120.237662,U5I 4F1,male,Bachelor,Suburban,25927,Single,2016,Q3,53,Bronze,Computers and Home Office,Coupon 4,1,541,460,541,3933.81
580979,Alena,Ruesswick,Alena Ruesswick,Canada,Alberta,Edmonton,53.544389,-113.490927,T9G 1W3,male,Bachelor,Urban,28519,Married,2016,Q3,61,Bronze,Computers and Home Office,Coupon 2,1,195,166,195,2606.21
214461,Alesha,Brauner,Alesha Brauner,United Kingdom,Nottinghamshire,Nottingham,52.937318,-1.141232,NG7 1AR,male,Bachelor,Suburban,21142,Single,2016,Q3,68,Bronze,Computers and Home Office,Coupon 2,4,404,343,"1,616",5620.59
998171,Alesha,Kochheiser,Alesha Kochheiser,Germany,Niedersachsen,Hannover,52.375892,9.73201,30627,female,College,Urban,0,Married,2016,Q3,52,Bronze,Computers and Home Office,Coupon 1,1,870,740,870,2444.62
917578,Aleshia,Wies,Aleshia Wies,United Kingdom,Oxfordshire,Oxford,51.752021,-1.257726,OX4 1LJ,female,Bachelor,Suburban,33746,Divorced,2016,Q3,69,Elite,Computers and Home Office,Coupon 2,1,609,518,609,2896.92
530429,Aletha,Media,Aletha Media,United Kingdom,Oxfordshire,Oxford,51.752021,-1.257726,OX4 4YW,female,College,Suburban,0,Married,2016,Q3,49,Silver,Computers and Home Office,Coupon 4,1,644,547,644,3567.5
626217,Alfonso,Kielbasa,Alfonso Kielbasa,Canada,Ontario,Toronto,43.653226,-79.383184,M2Z 4K1,female,Bachelor,Suburban,38702,Married,2016,Q3,50,Bronze,Computers and Home Office,Coupon 4,3,"1,479","1,257","4,437",8024.99
614645,Alfonzo,Orrico,Alfonzo Orrico,United States,Colorado,Denver,39.739236,-104.990251,80286,male,College,Suburban,0,Married,2016,Q3,54,Bronze,Computers and Home Office,Coupon 1,4,804,683,"3,216",7121.08
458038,Alfredia,Levandofsky,Alfredia Levandofsky,United Kingdom,Hampshire,Southampton,50.913425,-1.29459,SO30 2EB,male,Bachelor,Rural,29462,Single,2016,Q3,35,Bronze,Computers and Home Office,Coupon 4,1,"1,042",886,"1,042",4170.69
832363,Alfredia,Lulewicz,Alfredia Lulewicz,Germany,Hamburg,Hamburg,53.551085,9.993682,22609,female,Bachelor,Rural,71333,Married,2016,Q3,32,Bronze,Computers and Home Office,Coupon 1,1,488,415,488,3721.06
862647,Aline,Lawhorne,Aline Lawhorne,Germany,Hessen,Frankfurt,50.110922,8.682127,60320,female,Bachelor,Urban,52389,Married,2016,Q3,34,Bronze,Computers and Home Office,Coupon 1,9,142,121,"1,278",5659.14
631714,Aline,Okerblom,Aline Okerblom,Canada,British Columbia,Victoria,48.428421,-123.365644,V10 6T5,female,Doctor,Rural,18495,Married,2016,Q3,37,Gold,Computers and Home Office,Coupon 4,2,122,104,244,26197.41
395512,Alishia,Wardrop,Alishia Wardrop,Canada,British Columbia,Vancouver,49.282729,-123.120738,V6E 3Z3,male,Bachelor,Suburban,38692,Married,2016,Q3,46,Bronze,Computers and Home Office,Coupon 1,1,264,224,264,4091.93
936930,Alita,Rittenhouse,Alita Rittenhouse,United Kingdom,Greater London,London,51.507351,-0.127758,SE4 2NU,male,Bachelor,Suburban,28466,Married,2016,Q3,55,Silver,Computers and Home Office,Coupon 4,1,273,232,273,4067
844540,Allan,Drafts,Allan Drafts,Canada,Ontario,Thunder Bay,48.380895,-89.247682,K8T 5M5,female,Bachelor,Urban,51335,Married,2016,Q3,29,Bronze,Computers and Home Office,Coupon 1,9,903,768,"8,127",5745.96
322540,Allan,Khaleck,Allan Khaleck,Germany,Berlin,Berlin,52.520007,13.404954,12051,male,College,Urban,0,Single,2016,Q3,60,Bronze,Computers and Home Office,Coupon 4,1,707,601,707,6021.84
211198,Alline,Gloeckner,Alline Gloeckner,United States,California,San Diego,32.715738,-117.161084,92129,female,Bachelor,Suburban,55350,Married,2016,Q3,37,Bronze,Computers and Home Office,Coupon 1,9,"1,403","1,193","12,627",5380.9
250089,Alline,Munzell,Alline Munzell,Canada,British Columbia,Dawson Creek,55.759627,-120.237662,U5I 4F1,male,Bachelor,Urban,67241,Married,2016,Q3,53,Bronze,Computers and Home Office,Coupon 2,9,"1,478","1,256","13,302",5405.52
920637,Almeda,Browm,Almeda Browm,Canada,Ontario,Sudbury,46.522099,-80.953035,M5V 1G5,female,Bachelor,Urban,54603,Single,2016,Q3,67,Bronze,Computers and Home Office,Coupon 1,1,241,205,241,3384.47
659599,Alonzo,Ashmead,Alonzo Ashmead,Germany,Bremen,Bremen,53.079296,8.801694,28219,male,College,Urban,0,Divorced,2016,Q3,28,Bronze,Computers and Home Office,Coupon 2,5,644,547,"3,220",6846.15
185502,Alphonso,Christoff,Alphonso Christoff,United Kingdom,Hampshire,Southampton,50.913425,-1.29459,SO30 2EB,male,Bachelor,Urban,93102,Married,2016,Q3,54,Gold,Computers and Home Office,Coupon 2,1,"1,365","1,160","1,365",2750.88
800977,Alton,Gotwalt,Alton Gotwalt,United Kingdom,West Midlands,Birmingham,52.486243,-1.890401,B2 4LS,female,College,Urban,0,Divorced,2016,Q3,31,Silver,Computers and Home Office,Coupon 1,1,334,284,334,2659.71
192098,Alvin,Erbe,Alvin Erbe,Canada,Ontario,Ottawa,45.42153,-75.697193,K1G 4Z0,male,Bachelor,Rural,26334,Married,2016,Q3,32,Bronze,Computers and Home Office,Coupon 2,2,538,457,"1,076",17086.75
829934,Ambrose,Disano,Ambrose Disano,Germany,Saarland,Saarbrucken,49.240157,6.996933,66115,female,Bachelor,Suburban,29593,Married,2016,Q3,61,Bronze,Computers and Home Office,Coupon 6,2,145,123,290,16159.54
509494,Amelia,Erb,Amelia Erb,Germany,Bayern,Munchen,48.135125,11.58198,80800,male,Bachelor,Suburban,79041,Married,2016,Q3,43,Bronze,Computers and Home Office,Coupon 3,3,325,276,975,16138.42
490249,America,Tedesko,America Tedesko,Germany,Nordrhein-Westfalen,Dortmund,51.513587,7.465298,44413,male,Bachelor,Suburban,51159,Married,2016,Q3,39,Gold,Computers and Home Office,Coupon 1,1,"1,040",884,"1,040",2860.11
529995,Amira,Rodin,Amira Rodin,United States,Colorado,Denver,39.739236,-104.990251,80279,female,Bachelor,Suburban,43499,Married,2016,Q3,62,Bronze,Computers and Home Office,Coupon 1,1,"1,034",879,"1,034",3141.25
182124,Amira,Scharf,Amira Scharf,Canada,Ontario,Toronto,43.653226,-79.383184,P5S 6R4,female,College,Suburban,0,Single,2016,Q3,44,Bronze,Computers and Home Office,Coupon 6,1,"1,021",868,"1,021",5232.33
504521,Amira,Vanzyl,Amira Vanzyl,United Kingdom,Hampshire,Southampton,50.913425,-1.29459,SO30 2NU,female,Bachelor,Urban,61897,Married,2016,Q3,46,Bronze,Computers and Home Office,Coupon 1,2,"1,347","1,145","2,694",8703.73
597823,An,Robert,An Robert,United Kingdom,Oxfordshire,Oxford,51.752021,-1.257726,MK17 9EA,male,Bachelor,Suburban,24317,Married,2016,Q3,66,Bronze,Computers and Home Office,Coupon 1,3,215,183,645,5850.45
939289,Anabel,Pembroke,Anabel Pembroke,Canada,Quebec,Tremblant,46.118462,-74.596185,H5Y 2S9,male,Bachelor,Urban,59038,Married,2016,Q3,56,Bronze,Computers and Home Office,Coupon 2,1,"1,099",934,"1,099",4236.47
751072,Andera,Ates,Andera Ates,United States,Georgia,Atlanta,33.749,-84.388,30364,male,Bachelor,Rural,21604,Divorced,2016,Q3,55,Bronze,Computers and Home Office,Coupon 1,1,582,495,582,3096.51
249487,Angelena,Hackley,Angelena Hackley,United States,California,Los Angeles,34.052234,-118.243685,90203,male,College,Suburban,0,Single,2016,Q3,47,Gold,Computers and Home Office,Coupon 4,2,"1,361","1,157","2,722",14070.64
243376,Angelic,Segers,Angelic Segers,United Kingdom,Greater London,London,51.507351,-0.127758,SE6 4NR,male,Bachelor,Suburban,,Single,2016,Q3,58,Bronze,Computers and Home Office,Coupon 2,3,"1,232","1,047","3,696",6332.94
833317,Angelic,Vanderzwaag,Angelic Vanderzwaag,Canada,Ontario,Toronto,43.653226,-79.383184,P1J 8T7,female,Doctor,Urban,28227,Married,2016,Q3,63,Bronze,Computers and Home Office,Coupon 1,2,"1,340","1,139","2,680",7119.53
220741,Angelina,Balsam,Angelina Balsam,Germany,Saarland,Saarbrucken,49.240157,6.996933,66115,female,College,Rural,0,Single,2016,Q3,53,Bronze,Computers and Home Office,Coupon 1,1,"1,448","1,231","1,448",2274.67
329125,Angelina,Minskey,Angelina Minskey,United States,Arizona,Tucson,32.222607,-110.974711,85713,male,Bachelor,Urban,78358,Married,2016,Q3,46,Bronze,Computers and Home Office,Coupon 4,3,460,391,"1,380",10307.65
949620,Angella,Bartone,Angella Bartone,Germany,Bayern,Nurnberg,49.452102,11.076665,90451,female,Bachelor,Suburban,97361,Single,2016,Q3,31,Bronze,Computers and Home Office,Coupon 1,2,669,569,"1,338",8622.84
921760,Angelo,Farago,Angelo Farago,United Kingdom,Hampshire,Southampton,50.913425,-1.29459,SO30 0PZ,male,High School or Below,Urban,16040,Divorced,2016,Q3,56,Bronze,Computers and Home Office,Coupon 2,2,"1,362","1,158","2,724",10614.64
508241,Angelyn,Wisecarver,Angelyn Wisecarver,United States,California,San Clara,37.354108,-121.955236,95067,male,Bachelor,Rural,76717,Married,2016,Q3,46,Elite,Computers and Home Office,Coupon 2,6,901,766,"5,406",5326.68
699153,Anjelica,Borgstede,Anjelica Borgstede,United States,California,Pasadena,34.147785,-118.144516,91121,female,College,Suburban,0,Married,2016,Q3,51,Bronze,Computers and Home Office,Coupon 1,2,523,445,"1,046",7281.44
607696,Ann,Morcos,Ann Morcos,Canada,Quebec,Quebec City,46.813878,-71.207981,G1B 3L5,female,College,Suburban,0,Single,2016,Q3,42,Bronze,Computers and Home Office,Coupon 1,3,967,822,"2,901",5002.09
905397,Annabelle,Lawshe,Annabelle Lawshe,United States,California,San Diego,32.715738,-117.161084,92132,female,Bachelor,Rural,69231,Married,2016,Q3,26,Elite,Computers and Home Office,Coupon 1,9,334,284,"3,006",5233.95
994984,Annamaria,Meola,Annamaria Meola,United Kingdom,Greater London,London,51.507351,-0.127758,SW1A 1NJ,male,Bachelor,Urban,62777,Single,2016,Q3,34,Bronze,Computers and Home Office,Coupon 2,1,455,387,455,2656.71
390343,Anne,Howse,Anne Howse,Canada,Ontario,Trenton,44.101126,-77.576313,K8V 4B2,female,Bachelor,Urban,70263,Married,2016,Q3,46,Bronze,Computers and Home Office,Coupon 2,5,"1,456","1,238","7,280",7462.93
170639,Annelle,Macer,Annelle Macer,United Kingdom,Brighton and Hove,Bear Road,50.837645,-0.122104,BN2 4DA,female,Doctor,Rural,,Divorced,2016,Q3,70,Bronze,Computers and Home Office,Coupon 4,8,"1,091",927,"8,728",13736.13
147024,Annemarie,Geis,Annemarie Geis,Germany,Saarland,Saarbrucken,49.240157,6.996933,66115,male,Bachelor,Rural,89672,Married,2016,Q3,52,Silver,Computers and Home Office,Coupon 1,1,183,156,183,2913.49
235454,Annetta,Wolsted,Annetta Wolsted,Canada,Quebec,Montreal,45.501689,-73.567256,H2T 9K8,male,Bachelor,Rural,53503,Single,2016,Q3,53,Elite,Computers and Home Office,Coupon 1,7,"1,424","1,210","9,968",8873.53
808330,Annice,Navejas,Annice Navejas,United Kingdom,Reading,Ilkley Road,51.474026,-0.987402,RG4 7BD,male,Bachelor,Suburban,37273,Divorced,2016,Q3,42,Elite,Computers and Home Office,Coupon 2,1,438,372,438,3499.14
815564,Annika,Paglinawan,Annika Paglinawan,United States,California,San Francisco,37.774929,-122.419416,94155,female,High School or Below,Urban,14278,Married,2016,Q3,39,Bronze,Computers and Home Office,Coupon 6,2,604,513,"1,208",25626.71
664073,Annis,Capellan,Annis Capellan,Germany,Hamburg,Hamburg,53.551085,9.993682,20539,female,Bachelor,Urban,71210,Married,2016,Q3,56,Bronze,Computers and Home Office,Coupon 5,2,181,154,362,25807.06
154175,Antionette,Charbonnet,Antionette Charbonnet,Canada,British Columbia,West Vancouver,49.328625,-123.160198,V6V 8Z3,female,Bachelor,Rural,20742,Single,2016,Q3,49,Bronze,Computers and Home Office,Coupon 4,2,"1,015",863,"2,030",11177.75
131664,Antonetta,Begnoche,Antonetta Begnoche,Germany,Baden-Wurttemberg,Mannheim,49.487459,8.466039,68165,male,Bachelor,Rural,57474,Divorced,2016,Q3,67,Bronze,Computers and Home Office,Coupon 2,3,452,384,"1,356",7781.9
590172,Antonio,Segel,Antonio Segel,United States,Florida,Miami,25.76168,-80.19179,33170,male,College,Urban,0,Single,2016,Q3,58,Bronze,Computers and Home Office,Coupon 2,8,"1,386","1,178","11,088",6511.1
392209,Aracely,Hohman,Aracely Hohman,Germany,Berlin,Berlin,52.520007,13.404954,12527,male,Bachelor,Urban,50071,Single,2016,Q3,48,Bronze,Computers and Home Office,Coupon 2,1,38,32,38,2771.05
918631,Ardath,Sitsler,Ardath Sitsler,Canada,British Columbia,Vancouver,49.282729,-123.120738,V6E 3Z3,female,High School or Below,Suburban,25852,Married,2016,Q3,35,Bronze,Computers and Home Office,Coupon 6,2,479,407,958,15266.48
321775,Ardella,Hathorn,Ardella Hathorn,Germany,Bremen,Bremen,53.079296,8.801694,28759,female,Doctor,Suburban,27972,Married,2016,Q3,54,Silver,Computers and Home Office,Coupon 2,8,392,333,"3,136",6966.32
490860,Ardis,Beumer,Ardis Beumer,Canada,British Columbia,Whistler,50.11632,-122.957356,V6T 1Y8,female,Bachelor,Rural,86305,Married,2016,Q3,60,Bronze,Computers and Home Office,Coupon 1,5,711,604,"3,555",4984.62
577223,Arleen,Hedglin,Arleen Hedglin,Germany,Nordrhein-Westfalen,Dortmund,51.513587,7.465298,44413,male,Bachelor,Urban,64125,Married,2016,Q3,46,Bronze,Computers and Home Office,Coupon 4,3,"1,269","1,079","3,807",8646.5
169134,Arletta,Wheeling,Arletta Wheeling,United Kingdom,West Midlands,Birmingham,52.486243,-1.890401,B4 7SL,female,Bachelor,Suburban,50941,Single,2016,Q3,60,Platinum,Computers and Home Office,Coupon 1,2,584,496,"1,168",10551.15
346876,Arlie,Mohar,Arlie Mohar,Germany,Hamburg,Hamburg,53.551085,9.993682,22609,female,Bachelor,Urban,88997,Divorced,2016,Q3,30,Bronze,Computers and Home Office,Coupon 1,3,"1,125",956,"3,375",5757.44
214878,Armandina,Kaczorowski,Armandina Kaczorowski,Canada,Ontario,Ottawa,45.42153,-75.697193,K1G 4Z0,,College,Rural,0,Single,2016,Q3,60,Bronze,Computers and Home Office,Coupon 1,2,973,827,"1,946",8715.95
434363,Armando,Cadet,Armando Cadet,Germany,Nordrhein-Westfalen,Arnsberg,51.4073,8.0528,59756,,Bachelor,Urban,32471,Single,2016,Q3,55,Bronze,Computers and Home Office,Coupon 2,1,652,554,652,4220.61
238939,Arnulfo,Ruden,Arnulfo Ruden,Canada,British Columbia,Vancouver,49.282729,-123.120738,V6E 3Z3,,Bachelor,Urban,67371,Married,2016,Q3,66,Bronze,Computers and Home Office,Coupon 1,3,94,80,282,5059.33
370124,Arron,Fitzmaurice,Arron Fitzmaurice,United Kingdom,Reading,Robindale Avenue,51.436477,-0.914127,RG6 7JR,female,College,Rural,0,Single,2016,Q3,37,Silver,Computers and Home Office,Coupon 2,1,383,326,383,1940.98
755389,Astrid,Plump,Astrid Plump,United States,California,Los Angeles,34.052234,-118.243685,90203,female,Doctor,Rural,17301,Married,2016,Q3,26,Bronze,Computers and Home Office,Coupon 1,5,114,97,570,8053.27
992531,Aubrey,Couzens,Aubrey Couzens,United States,Delaware,Dover,39.158168,-75.524368,19935,male,Master,Suburban,19651,Married,2016,Q3,41,Bronze,Computers and Home Office,Coupon 2,5,914,777,"4,570",5595.97
906018,Audra,Kareem,Audra Kareem,United States,California,Oakland,37.804364,-122.271114,94611,female,Bachelor,Rural,99002,Married,2016,Q3,63,Silver,Computers and Home Office,Coupon 1,8,"1,172",996,"9,376",9027.87
512070,Audra,Ottosen,Audra Ottosen,Germany,Nordrhein-Westfalen,Krefeld,51.338761,6.585342,47807,female,College,Rural,0,Single,2016,Q3,64,Gold,Computers and Home Office,Coupon 1,3,664,564,"1,992",4185.76
576032,Augustine,Gilmartin,Augustine Gilmartin,Germany,Hamburg,Hamburg,53.551085,9.993682,20539,female,College,Rural,0,Married,2016,Q3,63,Bronze,Computers and Home Office,Coupon 1,5,"1,438","1,222","7,190",5504.14
159209,Augustus,Maccartney,Augustus Maccartney,United States,Florida,Miami,25.76168,-80.19179,33024,female,Master,Suburban,23904,Single,2016,Q3,36,Silver,Computers and Home Office,Coupon 4,1,687,584,687,4334.06
382475,Aurelia,Huffstickler,Aurelia Huffstickler,United States,California,Los Angeles,34.052234,-118.243685,90211,female,Bachelor,Urban,47761,Single,2016,Q3,46,Bronze,Computers and Home Office,Coupon 1,1,922,784,922,4100.4
287088,Aurelia,Monsma,Aurelia Monsma,Canada,Alberta,Edmonton,53.544389,-113.490927,T9G 1W3,female,High School or Below,Rural,17576,Married,2016,Q3,59,Bronze,Computers and Home Office,Coupon 1,1,471,400,471,2722.21
598875,Austin,Troy,Austin Troy,Germany,Hamburg,Hamburg,53.551085,9.993682,22335,female,Bachelor,Rural,61233,Married,2016,Q3,53,Elite,Computers and Home Office,Coupon 1,7,648,551,"4,536",7124.2
421284,Ava,Appleman,Ava Appleman,United States,California,Los Angeles,34.052234,-118.243685,90101,female,Bachelor,Rural,29593,Married,2016,Q3,46,Silver,Computers and Home Office,Coupon 6,2,"1,286","1,093","2,572",16159.54
866462,Ava,Auls,Ava Auls,Germany,Nordrhein-Westfalen,Arnsberg,51.4073,8.0528,59756,female,Bachelor,Rural,26173,Single,2016,Q3,58,Bronze,Computers and Home Office,Coupon 1,9,349,297,"3,141",5116.62
204812,Ava,Iner,Ava Iner,United States,Arizona,Phoenix,33.448377,-112.074037,85052,male,Bachelor,Rural,38795,Married,2016,Q3,58,Bronze,Computers and Home Office,Coupon 2,3,319,271,957,6519.29
677582,Barry,Devan,Barry Devan,United States,California,Los Angeles,34.052234,-118.243685,90034,female,College,Suburban,0,Single,2016,Q3,38,Elite,Computers and Home Office,Coupon 2,7,492,418,"3,444",5098.85
593044,Barton,Mccadden,Barton Mccadden,Germany,Bayern,Landshut,48.544192,12.146853,84028,male,Bachelor,Urban,67163,Married,2016,Q3,42,Bronze,Computers and Home Office,Coupon 2,5,566,481,"2,830",4879.38
536843,Bea,Hourihan,Bea Hourihan,United States,Connecticut,Hartford,41.765804,-72.673372,6134,female,College,Rural,0,Married,2016,Q3,61,Gold,Computers and Home Office,Coupon 4,3,"1,094",930,"3,282",8229.24
828959,Beau,Dinola,Beau Dinola,Canada,Ontario,Toronto,43.653226,-79.383184,M2M 7K8,F,Bachelor,Urban,85702,Married,2016,Q3,49,Gold,Computers and Home Office,Coupon 2,6,193,164,"1,158",5441.42
182162,Bebe,Armbrester,Bebe Armbrester,United States,Florida,Orlando,28.538335,-81.379236,32812,F,Bachelor,Rural,88340,Married,2016,Q3,69,Bronze,Computers and Home Office,Coupon 2,2,978,831,"1,956",12280.77
216072,Beckie,Actis,Beckie Actis,Canada,Alberta,Edmonton,53.544389,-113.490927,T9G 1W3,F,Bachelor,Suburban,93210,Married,2016,Q3,55,Bronze,Computers and Home Office,Coupon 2,2,981,834,"1,962",11430.59
273984,Becky,Shofner,Becky Shofner,Canada,British Columbia,Dawson Creek,55.759627,-120.237662,U5I 4F1,female,Bachelor,Rural,29401,Single,2016,Q3,46,Silver,Computers and Home Office,Coupon 1,4,"1,497","1,272","5,988",5048.23
310989,Bernadette,Seiler,Bernadette Seiler,United States,Delaware,Dover,39.158168,-75.524368,19935,male,Bachelor,Urban,65709,Divorced,2016,Q3,38,Bronze,Computers and Home Office,Coupon 1,3,127,108,381,5771.61
441227,Bernadine,Garacia,Bernadine Garacia,United States,Alabama,Mobile,30.695366,-88.039891,36695,male,Bachelor,Suburban,45963,Married,2016,Q3,42,Bronze,Computers and Home Office,Coupon 1,2,525,446,"1,050",14914.53
705719,Bernadine,Sprawls,Bernadine Sprawls,United States,Alabama,Mobile,30.695366,-88.039891,36695,male,Bachelor,Rural,36631,Divorced,2016,Q3,33,Bronze,Computers and Home Office,Coupon 1,1,291,247,291,2491.32
669947,Berneice,Aber,Berneice Aber,United States,Alabama,Birmingham,52.486243,-1.890401,35215,female,High School or Below,Rural,20978,Married,2016,Q3,49,Bronze,Computers and Home Office,Coupon 2,2,545,463,"1,090",13569.24
866306,Berneice,Hirt,Berneice Hirt,United States,California,San Francisco,37.774929,-122.419416,94155,female,Bachelor,Suburban,75090,Married,2016,Q3,47,Silver,Computers and Home Office,Coupon 1,7,"1,280","1,088","8,960",4993.03
115196,Bernetta,Doulani,Bernetta Doulani,United Kingdom,Hampshire,Southampton,50.913425,-1.29459,SO30 2EB,male,Bachelor,Urban,72264,Married,2016,Q3,58,Bronze,Computers and Home Office,Coupon 1,9,715,608,"6,435",5138.24
286006,Bernetta,Ouellette,Bernetta Ouellette,Germany,Hessen,Frankfurt,50.110922,8.682127,60320,males,College,Suburban,0,Single,2016,Q3,52,,Computers and Home Office,Coupon 2,1,701,596,701,3164.38
252211,Bernie,Kupec,Bernie Kupec,United Kingdom,Reading,Robindale Avenue,51.436477,-0.914127,RG6 7JR,M,Bachelor,Suburban,81190,Married,2016,Q3,40,Silver,Computers and Home Office,Coupon 2,1,"1,457","1,238","1,457",3713.79
127152,Berta,Sansone,Berta Sansone,United Kingdom,Greater London,London,51.507351,-0.127758,NW1 1LJ,male,Bachelor,Suburban,86863,Married,2016,Q3,47,Bronze,Computers and Home Office,Coupon 1,3,"1,407","1,196","4,221",7437.69
671799,Bertie,Coloma,Bertie Coloma,United States,Alaska,Juneau,58.301944,-134.419722,99821,Girl,Bachelor,Suburban,84429,Married,2016,Q3,32,Bronze,Computers and Home Office,Coupon 4,6,924,785,"5,544",9802.55
865280,Bertram,Gioriano,Bertram Gioriano,United States,Alabama,Birmingham,52.486243,-1.890401,35215,female,College,Suburban,0,Single,2016,Q3,37,Bronze,Computers and Home Office,Coupon 4,2,926,787,"1,852",11003.54
344934,Bertram,Rulon,Bertram Rulon,Germany,Nordrhein-Westfalen,Dusseldorf,51.227741,6.773456,40595,female,College,Suburban,0,Single,2016,Q3,57,Bronze,Computers and Home Office,Coupon 1,2,380,323,760,6462.22
149462,Bessie,Hermes,Bessie Hermes,Germany,Nordrhein-Westfalen,Bonn,50.73743,7.098207,53225,male,Bachelor,Rural,74487,Divorced,2016,Q3,50,Silver,Computers and Home Office,Coupon 1,3,914,777,"2,742",6960.92
947843,Betsey,Wang,Betsey Wang,United Kingdom,Luton,Carlton Crescent,51.895266,-0.42787,LU3 1EP,female,College,Rural,0,Married,2016,Q3,56,Elite,Computers and Home Office,Coupon 2,7,767,652,"5,369",5325.72
284136,Betsy,Bjornstrom,Betsy Bjornstrom,Germany,Bremen,Bremen,53.079296,8.801694,28759,male,Bachelor,Rural,52721,Married,2016,Q3,29,Bronze,Computers and Home Office,Coupon 4,1,645,548,645,5438.7
574997,Bettina,Bessler,Bettina Bessler,Germany,Nordrhein-Westfalen,Dortmund,51.513587,7.465298,44413,female,College,Suburban,0,Single,2016,Q3,58,Silver,Computers and Home Office,Coupon 4,1,"1,147",975,"1,147",4471.78
780351,Bev,Cansino,Bev Cansino,United States,Alaska,Anchorage,61.2181,-149.9003,99534,female,Bachelor,Rural,70795,Married,2016,Q3,36,Bronze,Computers and Home Office,Coupon 1,4,714,607,"2,856",5481.5
456259,Beverlee,Lepre,Beverlee Lepre,Canada,Ontario,Kingston,44.231172,-76.485954,M9K 2P4,female,Bachelor,Suburban,68849,Married,2016,Q3,47,Gold,Computers and Home Office,Coupon 2,2,"1,408","1,197","2,816",8044.51
731557,Beverley,Rotchford,Beverley Rotchford,United Kingdom,Greater London,London,51.507351,-0.127758,E15 3JR,female,Bachelor,Urban,94880,Single,2016,Q3,49,Gold,Computers and Home Office,Coupon 1,3,"1,441","1,225","4,323",6271.32
464035,Beverly,Masullo,Beverly Masullo,United Kingdom,Greater London,London,51.507351,-0.127758,E13 8DB,female,Bachelor,Rural,39602,Divorced,2016,Q3,53,Elite,Computers and Home Office,Coupon 2,2,551,468,"1,102",7488.79
407285,Bill,Walgren,Bill Walgren,Germany,Bayern,Landshut,48.544192,12.146853,84028,female,College,Suburban,0,Married,2016,Q3,41,Bronze,Computers and Home Office,Coupon 2,7,341,290,"2,387",4899.23
917610,Billy,Cassaro,Billy Cassaro,Canada,Ontario,Toronto,43.653226,-79.383184,P1W 1K4,female,Doctor,Rural,17672,Divorced,2016,Q3,44,Gold,Computers and Home Office,Coupon 4,1,200,170,200,3993.88
183783,Birdie,Miyasaki,Birdie Miyasaki,United Kingdom,Reading,Ilkley Road,51.474026,-0.987402,RG4 7BD,male,Bachelor,Urban,60244,Married,2016,Q3,47,Bronze,Computers and Home Office,Coupon 1,1,804,683,804,3238
102284,Birgit,Kiral,Birgit Kiral,Germany,Sachsen,Dresden,51.050409,13.737262,1219,female,College,Urban,0,Married,2016,Q3,46,Bronze,Computers and Home Office,Coupon 1,2,660,561,"1,320",7416.47
342569,Blair,Cheely,Blair Cheely,Canada,Alberta,Edmonton,53.544389,-113.490927,T9G 1W3,male,Bachelor,Rural,67616,Married,2016,Q3,38,Bronze,Computers and Home Office,Coupon 1,2,947,805,"1,894",11599.5
115707,Bo,Schakel,Bo Schakel,Germany,Hessen,Russelsheim,49.98875,8.421698,65428,male,Bachelor,Urban,44368,Married,2016,Q3,27,Silver,Computers and Home Office,Coupon 2,3,801,681,"2,403",6366.23
144303,Bong,Masella,Bong Masella,United Kingdom,Hampshire,Southampton,50.913425,-1.29459,SO30 2NU,male,Bachelor,Urban,46814,Married,2016,Q3,35,Bronze,Computers and Home Office,Coupon 4,3,436,371,"1,308",8901.06
788997,Boyd,Lacroix,Boyd Lacroix,Canada,Ontario,Toronto,43.653226,-79.383184,P1J 8T7,male,Bachelor,Rural,35133,Married,2016,Q3,29,Bronze,Computers and Home Office,Coupon 4,2,638,542,"1,276",12232.78
712721,Brady,Flexer,Brady Flexer,United States,California,Los Angeles,34.052234,-118.243685,90101,male,High School or Below,Rural,22571,Single,2016,Q3,54,Bronze,Computers and Home Office,Coupon 1,9,513,436,"4,617",4605.04
607571,Branden,Ruhenkamp,Branden Ruhenkamp,Germany,Saarland,Saarbrucken,49.240157,6.996933,66115,female,Bachelor,Rural,61374,Married,2016,Q3,34,Bronze,Computers and Home Office,Coupon 2,3,371,315,"1,113",9002.12
171208,Brandi,Kessenich,Brandi Kessenich,United Kingdom,Brighton and Hove,Bear Road,50.837645,-0.122104,BN2 4DA,female,Bachelor,Suburban,36529,Married,2016,Q3,43,Bronze,Computers and Home Office,Coupon 4,1,917,779,917,4762.16
244788,Brant,Tarallo,Brant Tarallo,Germany,Hessen,Frankfurt,50.110922,8.682127,60433,male,Bachelor,Rural,51991,Married,2016,Q3,56,Bronze,Computers and Home Office,Coupon 1,1,"1,123",955,"1,123",2927.73
491351,Breana,Robbert,Breana Robbert,Canada,Quebec,Hull,45.428731,-75.713366,J8Y 3Z5,female,College,Suburban,0,Married,2016,Q3,53,Bronze,Computers and Home Office,Coupon 2,8,"1,299","1,104","10,392",5392.5
765033,Brenda,Mateos,Brenda Mateos,United Kingdom,Reading,Stuart Close,51.480498,-0.969575,RG4 8RF,female,Bachelor,Urban,72669,Married,2016,Q3,54,Gold,Computers and Home Office,Coupon 1,1,922,784,922,2980.46
111493,Brenda,Oliverson,Brenda Oliverson,United States,California,San Francisco,37.774929,-122.419416,94155,female,Bachelor,Suburban,88592,Married,2016,Q3,44,Elite,Computers and Home Office,Coupon 1,2,837,711,"1,674",18321.42
754613,Brian,York,Brian York,United States,Colorado,Boulder,40.014986,-105.270546,80339,male,Bachelor,Rural,22331,Divorced,2016,Q3,26,Bronze,Computers and Home Office,Coupon 1,1,867,737,867,2487.36
527558,Brigid,Manes,Brigid Manes,United Kingdom,Greater London,London,51.507351,-0.127758,E7 8EZ,male,Doctor,Suburban,29504,Married,2016,Q3,63,Elite,Computers and Home Office,Coupon 4,2,322,274,644,13220.8
288307,Brigitte,Boyle,Brigitte Boyle,United Kingdom,Greater London,London,51.507351,-0.127758,N11 1BD,male,Bachelor,Rural,48269,Married,2016,Q3,44,Bronze,Computers and Home Office,Coupon 1,1,575,489,575,2683.47
340823,Britt,Stibbins,Britt Stibbins,Germany,Bayern,Munchen,48.135125,11.58198,80331,male,Bachelor,Rural,57245,Single,2016,Q3,44,Bronze,Computers and Home Office,Coupon 6,2,"1,158",984,"2,316",19327.87
610216,Britt,Vincik,Britt Vincik,United Kingdom,Reading,Ilkley Road,51.474026,-0.987402,RG4 7BD,female,Bachelor,Suburban,81082,Married,2016,Q3,60,Silver,Computers and Home Office,Coupon 1,4,761,647,"3,044",5838.9
327408,Britta,Rhone,Britta Rhone,United Kingdom,Brighton and Hove,Eley Drive,50.816015,-0.065917,BN2 7FG,male,Bachelor,Suburban,78046,Divorced,2016,Q3,57,Bronze,Computers and Home Office,Coupon 4,2,487,414,974,14230.32
577167,Bruno,Weathington,Bruno Weathington,Germany,Hessen,Frankfurt,50.110922,8.682127,60320,male,College,Suburban,0,Single,2016,Q3,63,Bronze,Computers and Home Office,Coupon 4,6,960,816,"5,760",7017.15
354458,Brynn,Angis,Brynn Angis,United Kingdom,Greater London,London,51.507351,-0.127758,E15 3JR,male,College,Suburban,0,Single,2016,Q3,44,Bronze,Computers and Home Office,Coupon 1,2,"1,437","1,221","2,874",9321.28
415090,Bryon,Rowett,Bryon Rowett,Canada,Quebec,Montreal,45.501689,-73.567256,H2Y 2W2,male,Bachelor,Suburban,65629,Married,2016,Q3,54,Elite,Computers and Home Office,Coupon 1,3,865,735,"2,595",5150.42
405083,Bulah,Fugit,Bulah Fugit,Germany,Bremen,Bremen,53.079296,8.801694,28237,female,College,Suburban,0,Married,2016,Q3,55,Bronze,Computers and Home Office,Coupon 2,2,"1,476","1,255","2,952",7224.24
419786,Candi,Aoay,Candi Aoay,United Kingdom,Greater London,London,51.507351,-0.127758,SW1A 1NJ,male,College,Urban,0,Married,2016,Q3,58,Bronze,Computers and Home Office,Coupon 1,1,"1,472","1,251","1,472",2326.86
338355,Cara,Kotte,Cara Kotte,United States,Florida,Miami,25.76168,-80.19179,33021,male,Master,Suburban,23665,Married,2016,Q3,64,Bronze,Computers and Home Office,Coupon 1,2,"1,255","1,067","2,510",22658.54
691803,Carey,Peragine,Carey Peragine,United States,Arkansas,Fayetteville,36.082156,-94.171854,72717,female,Bachelor,Suburban,41701,Married,2016,Q3,41,Bronze,Computers and Home Office,Coupon 1,2,578,491,"1,156",8113.96
985440,Carin,Skill,Carin Skill,Germany,Sachsen,Dresden,51.050409,13.737262,1219,female,Master,Suburban,14290,Married,2016,Q3,42,Bronze,Computers and Home Office,Coupon 3,1,627,533,627,10179.72
640127,Carita,Kanzler,Carita Kanzler,Germany,Berlin,Berlin,52.520007,13.404954,12051,female,College,Suburban,0,Married,2016,Q3,43,Silver,Computers and Home Office,Coupon 2,9,779,662,"7,011",6234.31
650792,Carleen,Moscoso,Carleen Moscoso,Germany,Nordrhein-Westfalen,Dusseldorf,51.227741,6.773456,40595,male,High School or Below,Suburban,22981,Single,2016,Q3,44,Bronze,Computers and Home Office,Coupon 1,1,"1,484","1,261","1,484",2393.12
838535,Carlo,Aid,Carlo Aid,United Kingdom,West Midlands,Birmingham,52.486243,-1.890401,B20 3BA,female,Bachelor,Rural,69011,Single,2016,Q3,57,Bronze,Computers and Home Office,Coupon 1,2,142,121,284,8274.15
804975,Carlton,Gehlhausen,Carlton Gehlhausen,United Kingdom,Greater London,London,51.507351,-0.127758,SE4 2NU,female,Bachelor,Rural,66014,Married,2016,Q3,62,Gold,Computers and Home Office,Coupon 4,2,352,299,704,32961.15
979195,Carly,Armon,Carly Armon,United States,California,Los Angeles,34.052234,-118.243685,90101,male,Bachelor,Rural,54054,Married,2016,Q3,60,Elite,Computers and Home Office,Coupon 1,1,960,816,960,4014.33
691542,Carman,Bellingtier,Carman Bellingtier,Canada,British Columbia,Vancouver,49.282729,-123.120738,V6E 3Z3,male,Bachelor,Suburban,45963,Married,2016,Q3,69,Bronze,Computers and Home Office,Coupon 1,2,665,565,"1,330",14914.53
748929,Carmel,Reinke,Carmel Reinke,United States,Delaware,Dover,39.158168,-75.524368,19935,female,Master,Suburban,19614,Married,2016,Q3,67,Bronze,Computers and Home Office,Coupon 2,2,827,703,"1,654",16301.97
402156,Carmelo,Kastel,Carmelo Kastel,Germany,Bayern,Munchen,48.135125,11.58198,80331,male,Bachelor,Urban,71941,Married,2016,Q3,62,Bronze,Computers and Home Office,Coupon 1,2,261,222,522,23405.99
474170,Carmen,Helstrom,Carmen Helstrom,Germany,Rheinland-Pfalz,Mainz,49.992862,8.247253,55131,female,Master,Rural,13528,Single,2016,Q3,68,Gold,Computers and Home Office,Coupon 1,3,481,409,"1,443",6005.85
820224,Carmine,Kleinsmith,Carmine Kleinsmith,United Kingdom,Greater London,London,51.507351,-0.127758,SE6 4NR,male,Master,Rural,23376,Divorced,2016,Q3,63,Bronze,Computers and Home Office,Coupon 1,1,"1,052",894,"1,052",2867.31
925394,Carole,Plateros,Carole Plateros,United States,California,San Clara,37.354108,-121.955236,95067,male,Bachelor,Urban,45331,Married,2016,Q3,54,Bronze,Computers and Home Office,Coupon 4,2,724,615,"1,448",32227.08
740513,Caroline,Biastock,Caroline Biastock,Germany,Hessen,Frankfurt,50.110922,8.682127,60528,female,Bachelor,Rural,47451,Married,2016,Q3,62,Bronze,Computers and Home Office,Coupon 1,6,573,487,"3,438",6802.07
514552,Carolyne,Avey,Carolyne Avey,Canada,Alberta,Edmonton,53.544389,-113.490927,T3G 6Y6,female,Master,Rural,26802,Married,2016,Q3,48,Bronze,Computers and Home Office,Coupon 2,5,101,86,505,4636.55
955716,Caron,Demontigny,Caron Demontigny,Canada,British Columbia,Kelowna,49.887952,-119.496011,V09 2E9,male,Bachelor,Urban,41479,Married,2016,Q3,69,Bronze,Computers and Home Office,Coupon 2,1,"1,179","1,002","1,179",3746.75
217023,Carrie,Honts,Carrie Honts,Germany,Bremen,Bremen,53.079296,8.801694,28759,female,College,Rural,0,Single,2016,Q3,62,Bronze,Computers and Home Office,Coupon 4,3,937,796,"2,811",9022.08
289365,Carroll,Beary,Carroll Beary,United Kingdom,Greater London,London,51.507351,-0.127758,NW9 8AA,male,Bachelor,Urban,38772,Married,2016,Q3,40,Gold,Computers and Home Office,Coupon 1,2,"1,461","1,242","2,922",28393.33
873806,Carry,Daykin,Carry Daykin,Germany,Bayern,Munchen,48.135125,11.58198,80331,female,College,Rural,0,Divorced,2016,Q3,28,Bronze,Computers and Home Office,Coupon 2,3,"1,253","1,065","3,759",7757.13
944821,Cary,Dragula,Cary Dragula,Canada,British Columbia,Dawson Creek,55.759627,-120.237662,U5I 4F1,male,Bachelor,Rural,31278,Married,2016,Q3,44,Bronze,Computers and Home Office,Coupon 2,1,698,593,698,3528.04
210746,Casandra,Genest,Casandra Genest,Canada,British Columbia,Vancouver,49.282729,-123.120738,V1E 4R6,female,Bachelor,Urban,44934,Married,2016,Q3,67,Bronze,Computers and Home Office,Coupon 1,4,143,122,572,4869.28
265082,Casandra,Serna,Casandra Serna,United Kingdom,Greater London,London,51.507351,-0.127758,E7 8EZ,female,Bachelor,Suburban,89420,Married,2016,Q3,29,Bronze,Computers and Home Office,Coupon 1,2,437,371,874,8100.24
251141,Cassey,Gosa,Cassey Gosa,United States,California,San Francisco,37.774929,-122.419416,94155,female,Bachelor,Rural,77265,Married,2016,Q3,52,Bronze,Computers and Home Office,Coupon 2,3,833,708,"2,499",5577.24
478461,Catarina,Vlasaty,Catarina Vlasaty,United Kingdom,Hampshire,Southampton,50.913425,-1.29459,SO30 2EB,female,College,Urban,0,Single,2016,Q3,62,Bronze,Computers and Home Office,Coupon 4,9,112,95,"1,008",7164.01
488646,Cecile,Jarred,Cecile Jarred,Germany,Bremen,Bremen,53.079296,8.801694,28219,female,Bachelor,Urban,71034,Married,2016,Q3,30,Bronze,Computers and Home Office,Coupon 1,3,"1,303","1,108","3,909",8283.07
225807,Cedric,Elles,Cedric Elles,United States,DC,Washington,38.907192,-77.036871,20057,male,Bachelor,Rural,79955,Married,2016,Q3,63,Gold,Computers and Home Office,Coupon 1,6,"1,375","1,169","8,250",5733.21
172233,Celia,Parillo,Celia Parillo,Canada,Ontario,Ottawa,45.42153,-75.697193,K1F 2R2,male,Master,Rural,19382,Married,2016,Q3,64,Silver,Computers and Home Office,Coupon 1,2,360,306,720,10758.66
949890,Ceola,Zentner,Ceola Zentner,Canada,Quebec,Quebec City,46.813878,-71.207981,G1B 3L5,male,Bachelor,Rural,87485,Divorced,2016,Q3,35,Bronze,Computers and Home Office,Coupon 1,1,765,650,765,3694.15
709776,Chanda,Falterman,Chanda Falterman,United Kingdom,Luton,Carlton Crescent,51.895266,-0.42787,LU3 1EP,male,Bachelor,Rural,96162,Single,2016,Q3,57,Silver,Computers and Home Office,Coupon 1,4,906,770,"3,624",7758.59
864832,Chanell,Mcculloh,Chanell Mcculloh,Germany,Hamburg,Hamburg,53.551085,9.993682,20539,female,Bachelor,Rural,40870,Married,2016,Q3,44,Bronze,Computers and Home Office,Coupon 4,2,445,378,890,12731.95
923049,Chanell,Scaia,Chanell Scaia,United States,Alaska,Anchorage,61.2181,-149.9003,99534,male,Bachelor,Rural,98912,Married,2016,Q3,70,Bronze,Computers and Home Office,Coupon 4,2,865,735,"1,730",16553.23
316338,Chanelle,Dargenio,Chanelle Dargenio,United Kingdom,Greater London,London,51.507351,-0.127758,E15 3JR,male,College,Rural,0,Married,2016,Q3,29,Bronze,Computers and Home Office,Coupon 1,1,348,296,348,2525.42
728818,Charise,Dulatre,Charise Dulatre,Canada,New Brunswick,Moncton,46.087817,-64.778231,E1A 2A7,female,Bachelor,Urban,86451,Single,2016,Q3,60,Gold,Computers and Home Office,Coupon 2,3,459,390,"1,377",5191.45
331417,Charla,Penza,Charla Penza,United Kingdom,Reading,Back Lane,51.417083,-1.150411,RG7 5NF,female,College,Suburban,0,Divorced,2016,Q3,52,Elite,Computers and Home Office,Coupon 1,2,245,208,490,26999.68
832669,Charleen,Turnbill,Charleen Turnbill,Germany,Hessen,Frankfurt,50.110922,8.682127,60386,female,Bachelor,Urban,91774,Single,2016,Q3,54,Bronze,Computers and Home Office,Coupon 1,1,970,825,970,3226.52
649054,Charles,Glance,Charles Glance,Canada,Ontario,Toronto,43.653226,-79.383184,P1L 8X8,male,Bachelor,Urban,47747,Divorced,2016,Q3,58,Bronze,Computers and Home Office,Coupon 2,1,"1,444","1,227","1,444",4379.77
978681,Charlie,Kjelland,Charlie Kjelland,United States,Arizona,Phoenix,33.448377,-112.074037,85055,male,Bachelor,Suburban,25949,Married,2016,Q3,38,Bronze,Computers and Home Office,Coupon 4,3,324,275,972,8099.84
847198,Charlott,Daughety,Charlott Daughety,Germany,Bremen,Bremen,53.079296,8.801694,28219,female,Bachelor,Urban,63267,Single,2016,Q3,54,Bronze,Computers and Home Office,Coupon 1,8,191,162,"1,528",7247.21
438731,Charmaine,Pengelly,Charmaine Pengelly,Germany,Bremen,Bremen,53.079296,8.801694,28759,male,Bachelor,Suburban,54702,Married,2016,Q3,67,Silver,Computers and Home Office,Coupon 4,1,"1,453","1,235","1,453",8019.86
326810,Charolette,Buesgens,Charolette Buesgens,United Kingdom,Hampshire,Southampton,50.913425,-1.29459,SO30 2EB,female,Bachelor,Rural,69555,Single,2016,Q3,34,Bronze,Computers and Home Office,Coupon 1,1,636,541,636,3673.53
101958,Chas,Miesner,Chas Miesner,Germany,Sachsen,Dresden,51.050409,13.737262,1219,female,Bachelor,Suburban,36889,Married,2016,Q3,44,Bronze,Computers and Home Office,Coupon 1,3,"1,017",864,"3,051",5860.48
131469,Chelsea,Roddenberry,Chelsea Roddenberry,Germany,Bayern,Landshut,48.544192,12.146853,84028,female,Bachelor,Rural,41842,Married,2016,Q3,51,Bronze,Computers and Home Office,Coupon 2,1,338,287,338,2410.5
106190,Cher,Chol,Cher Chol,United States,Arkansas,Fayetteville,36.082156,-94.171854,72717,female,Bachelor,Rural,85942,Married,2016,Q3,60,Bronze,Computers and Home Office,Coupon 1,5,617,524,"3,085",9114.28
950548,Cherelle,Vallas,Cherelle Vallas,United Kingdom,Brighton and Hove,Maldon Road,50.844931,-0.158915,BN1 5BD,female,Bachelor,Rural,48887,Divorced,2016,Q3,32,Bronze,Computers and Home Office,Coupon 1,1,187,159,187,3788.65
803638,Cherri,Zale,Cherri Zale,United Kingdom,Reading,Stuart Close,51.480498,-0.969575,RG4 8RF,female,Bachelor,Urban,30503,Married,2016,Q3,62,Bronze,Computers and Home Office,Coupon 2,5,"1,185","1,007","5,925",4897.98
529733,Cheryll,Nosacka,Cheryll Nosacka,Canada,New Brunswick,Moncton,46.087817,-64.778231,E1A 2A7,female,Bachelor,Suburban,29660,Married,2016,Q3,54,Bronze,Computers and Home Office,Coupon 4,1,762,648,762,4426.1
732633,Cheryll,Proo,Cheryll Proo,Germany,Hessen,Frankfurt,50.110922,8.682127,60528,male,Doctor,Urban,19864,Divorced,2016,Q3,46,Bronze,Computers and Home Office,Coupon 1,1,785,667,785,2359.42
931657,Chester,Weeler,Chester Weeler,Canada,British Columbia,Vancouver,49.282729,-123.120738,V5R 1W3,male,Bachelor,Rural,52735,Married,2016,Q3,41,Elite,Computers and Home Office,Coupon 1,2,127,108,254,10357.63
888205,Cheyenne,Stiegler,Cheyenne Stiegler,United States,Arkansas,Fayetteville,36.082156,-94.171854,72717,male,High School or Below,Suburban,29735,Single,2016,Q3,67,Silver,Computers and Home Office,Coupon 1,1,444,377,444,2453.57
545947,Chiquita,Hoke,Chiquita Hoke,Germany,Hessen,Frankfurt,50.110922,8.682127,60528,male,Bachelor,Urban,69959,Divorced,2016,Q3,53,Gold,Computers and Home Office,Coupon 2,2,436,371,872,7553.23
843666,Chris,Laverriere,Chris Laverriere,United States,Colorado,Denver,39.739236,-104.990251,80279,female,Bachelor,Urban,86305,Married,2016,Q3,64,Elite,Computers and Home Office,Coupon 1,5,111,94,555,4984.62
967984,Chrissy,Renner,Chrissy Renner,United States,California,Los Angeles,34.052234,-118.243685,90211,female,Bachelor,Urban,25398,Married,2016,Q3,61,Bronze,Computers and Home Office,Coupon 1,3,706,600,"2,118",5878.45
629966,Christal,Lafata,Christal Lafata,Canada,Ontario,Ottawa,45.42153,-75.697193,K1G 4Z0,male,Bachelor,Rural,75556,Married,2016,Q3,35,Silver,Computers and Home Office,Coupon 1,1,409,348,409,3329.89
481987,Christen,Lamberto,Christen Lamberto,Canada,Quebec,Montreal,45.501689,-73.567256,H2Y 2W2,male,Bachelor,Suburban,77025,Single,2016,Q3,56,Bronze,Computers and Home Office,Coupon 2,3,33,28,99,5104.35
318481,Christena,Hadiaris,Christena Hadiaris,United States,Arizona,Phoenix,33.448377,-112.074037,85052,female,Bachelor,Rural,59098,Divorced,2016,Q3,41,Bronze,Computers and Home Office,Coupon 4,3,379,322,"1,137",8688.75
280074,Christena,Longest,Christena Longest,Germany,Nordrhein-Westfalen,Bonn,50.73743,7.098207,53225,male,Bachelor,Suburban,57016,Married,2016,Q3,38,Bronze,Computers and Home Office,Coupon 4,3,378,321,"1,134",9551.17
561348,Christie,Wixson,Christie Wixson,United Kingdom,Oxfordshire,Oxford,51.752021,-1.257726,OX4 4YW,female,Bachelor,Suburban,73536,Married,2016,Q3,67,Silver,Computers and Home Office,Coupon 2,6,167,142,"1,002",5419.46
326810,Charolette,Buesgens,Charolette Buesgens,United Kingdom,Hampshire,Southampton,50.913425,-1.29459,SO30 2EB,female,Bachelor,Rural,69555,Single,2016,Q3,34,Bronze,Computers and Home Office,Coupon 1,1,636,541,636,3673.53
101958,Chas,Miesner,Chas Miesner,Germany,Sachsen,Dresden,51.050409,13.737262,1219,female,Bachelor,Suburban,36889,Married,2016,Q3,44,Bronze,Computers and Home Office,Coupon 1,3,"1,017",864,"3,051",5860.48
131469,Chelsea,Roddenberry,Chelsea Roddenberry,Germany,Bayern,Landshut,48.544192,12.146853,84028,female,Bachelor,Rural,41842,Married,2016,Q3,51,Bronze,Computers and Home Office,Coupon 2,1,338,287,338,2410.5
106190,Cher,Chol,Cher Chol,United States,Arkansas,Fayetteville,36.082156,-94.171854,72717,female,Bachelor,Rural,85942,Married,2016,Q3,60,Bronze,Computers and Home Office,Coupon 1,5,617,524,"3,085",9114.28
645491,Clarisa,Cheetham,Clarisa Cheetham,United States,California,Los Angeles,34.052234,-118.243685,90211,female,Bachelor,Rural,88768,Married,2016,Q3,62,VIP,Computers and Home Office,Coupon 2,7,605,514,"4,235",5499.45
187175,Clarisa,Hymen,Clarisa Hymen,Canada,Manitoba,Winnipeg,49.895136,-97.138374,R6Y 4T5,male,College,Suburban,0,Married,2016,Q3,43,Gold,Computers and Home Office,Coupon 1,2,"1,418","1,205","2,836",12564.07
814473,Clark,Dade,Clark Dade,United Kingdom,Brighton and Hove,Franklin Street,50.834406,-0.124847,BN2 3AL,female,College,Urban,0,Single,2016,Q3,45,Gold,Computers and Home Office,Coupon 2,1,76,65,76,3467.32
768255,Clark,Gefroh,Clark Gefroh,Canada,Alberta,Edmonton,53.544389,-113.490927,T3G 6Y6,male,Bachelor,Suburban,48567,Single,2016,Q3,51,Bronze,Computers and Home Office,Coupon 4,1,702,597,702,5015.01
541154,Claud,Kosin,Claud Kosin,United States,Arizona,Phoenix,33.448377,-112.074037,85055,female,College,Suburban,0,Divorced,2016,Q3,38,Bronze,Computers and Home Office,Coupon 4,1,"1,120",952,"1,120",4473.88
331939,Claudie,Doege,Claudie Doege,United Kingdom,Reading,Mayfield Drive,51.472253,-0.957451,RG4 5JP,male,Bachelor,Suburban,68004,Single,2016,Q3,59,Elite,Computers and Home Office,Coupon 2,3,294,250,882,5595.76
368397,Claudio,Parreira,Claudio Parreira,United States,Florida,Orlando,28.538335,-81.379236,32812,male,Bachelor,Urban,75248,Married,2016,Q3,30,Bronze,Computers and Home Office,Coupon 1,5,"1,124",955,"5,620",5011.26
248874,Clelia,Rubalcava,Clelia Rubalcava,Germany,Bayern,Landshut,48.544192,12.146853,84028,female,Bachelor,Rural,84629,Married,2016,Q3,67,Bronze,Computers and Home Office,Coupon 1,5,"1,287","1,094","6,435",7291.6
319290,Clelia,Thorade,Clelia Thorade,Germany,Hamburg,Hamburg,53.551085,9.993682,20539,male,Bachelor,Rural,30383,Divorced,2016,Q3,62,Bronze,Computers and Home Office,Coupon 2,1,"1,112",945,"1,112",4655.21
154172,Clelia,Waz,Clelia Waz,Canada,British Columbia,Whistler,50.11632,-122.957356,V6T 1Y8,male,Doctor,Suburban,23815,Married,2016,Q3,59,Bronze,Computers and Home Office,Coupon 1,2,"1,096",932,"2,192",8257.67
202299,Adria,Osterstuck,Adria Osterstuck,Canada,New Brunswick,Fredericton,45.963589,-66.643115,E3B 2H2,female,Doctor,Urban,25676,Married,2016,Q3,54,Elite,Computers and Home Office,Coupon 2,1,"1,154",981,"1,154",4373.36
826271,Adriane,Dottin,Adriane Dottin,Canada,New Brunswick,Fredericton,45.963589,-66.643115,E3B 2H2,female,College,Rural,0,Married,2016,Q3,53,Bronze,Computers and Home Office,Coupon 4,1,555,472,555,3567.5
616030,Akilah,Caravalho,Akilah Caravalho,Germany,Hessen,Frankfurt,50.110922,8.682127,60386,male,Doctor,Rural,22886,Divorced,2016,Q3,58,Bronze,Computers and Home Office,Coupon 1,3,"1,187","1,009","3,561",5096.67
747903,Al,Johson,Al Johson,United States,California,San Diego,32.715738,-117.161084,92132,male,College,Suburban,0,Single,2016,Q3,53,Bronze,Computers and Home Office,Coupon 2,9,"1,032",877,"9,288",6409.63
870394,Alanna,Rufino,Alanna Rufino,United Kingdom,Shropshire,Telford,52.678419,-2.445258,TZ3 4BW,female,Bachelor,Rural,21440,Married,2016,Q3,44,Bronze,Computers and Home Office,Coupon 4,1,"1,429","1,215","1,429",5391.08
